<?xml version="1.0" encoding="UTF-8"?>
<faces-config version="2.2" xmlns="http://xmlns.jcp.org/xml/ns/javaee"
 xmlns:xsi="http://www.w3.org/2001/XMLSchema-instance" xsi:schemaLocation="http://xmlns.jcp.org/xml/ns/javaee http://xmlns.jcp.org/xml/ns/javaee/web-facesconfig_2_2.xsd">
 <navigation-rule>
  <from-view-id>*</from-view-id>
  <navigation-case>
   <from-outcome>connexion</from-outcome>
   <to-view-id>/connexion.xhtml</to-view-id>
   <redirect/>
  </navigation-case>
  <navigation-case>
   <from-outcome>comptes</from-outcome>
   <to-view-id>/pages/admin/compte/liste.xhtml</to-view-id>
  </navigation-case>
  <navigation-case>
   <from-outcome>info</from-outcome>
   <to-view-id>/pages/info.xhtml</to-view-id>
  </navigation-case>
  <navigation-case>
   <from-outcome>cours</from-outcome>
   <to-view-id>/pages/parent/cours.xhtml</to-view-id>
  </navigation-case>
  <navigation-case>
   <from-outcome>panier</from-outcome>
   <to-view-id>/pages/parent/paiement/panier.xhtml</to-view-id>
  </navigation-case>
 </navigation-rule>
 <application/>
</faces-config>
